,HH1,HH2,LN,MWM1,MWM2,MWM4,MWM5,MWM6D,MWM6M,MWM6Y,MWM7,MWM8,MWM9,MWM10H,MWM10M,MWM11H,MWM11M,MWB1M,MWB1Y,MWB2,MWB3,MWB4,MWB5,MWB7,MMT2,MMT3,MMT4,MMT6,MMT7,MMT8,MMT9,MMT10,MMT11,MMT12,MMT13,MMT14,MCM1,MCM3,MCM4,MCM5A,MCM5B,MCM6,MCM7A,MCM7B,MCM8,MCM9A,MCM9B,MCM10,MCM11A,MCM11B,MCM12M,MCM12Y,MDV1A,MDV1B,MDV1C,MDV1D,MDV1E,MDV1F,MMA1,MMA3,MMA4,MMA5,MMA6,MMA7,MMA8M,MMA8Y,MMA9,MSB1,MSB2,MSB3U,MSB3N,MSB4,MSB5,MSB8,MSB9,MSB10,MSB13,MSB14,MSB15,MHA1,MHA2,MHA3,MHA4,MHA5,MHA6,MHA7,MHA8A,MHA8B,MHA8C,MHA9,MHA10,MHA11,MHA12,MHA24,MHA25,MHA26,MHA27,MMC1,MMC2,MMC3,MMC4,MTA1,MTA2,MTA3,MTA4,MTA5,MTA6,MTA7,MTA8A,MTA8B,MTA8C,MTA8D,MTA8E,MTA8X,MTA9,MTA10,MTA11,MTA12A,MTA12B,MTA12C,MTA12X,MTA13,MTA14,MTA15,MTA16,MTA17,TNLN,TN4,TN5,TN6,TN8,TN9,TN10,TN11,TN12_1,TN12_2,TN12_3,TN12_4,HH6,HH7,MWDOI,MWDOB,MWAGE,MWDOM,MWAGEM,MWDOBLC,MMSTATUS,MCEB,MCSURV,MCDEAD,mwelevel,mnweight,wscore,windex5,wscoreu,windex5u,wscorer,windex5r
0,1,17,1,1,17,1,14,7,4,2014,Completed,2,20,17.0,59.0,18.0,7.0,5.0,1984.0,29.0,Yes,Higher,31.0,,Almost every day,At least once a week,Less than once a week,Yes,Yes,Almost every day,Yes,Yes,Almost every day,Yes,Yes,Almost every day,No,,,,,,,,No,,,0.0,,,,,No,No,No,No,No,No,"Yes, currently married",No (Only one),,,,Only once,9.0,2013.0,,20.0,Yes,Days ago,0.0,No,Wife,No,,,,,5.0,Yes,Yes,No,Yes,No,No,Yes,DK,Yes,DK,Yes,Yes,No,Yes,Yes,Less than 12 months ago,Yes,,No,,,,No,,,,,No,,,,,,,,,No,,,,,,,Yes,16.0,0.0,,,,,,,,,,,,,,Urban,Bulawayo,1372,1013.0,25-29,1365.0,29.0,,Currently married/in union,0.0,0.0,0.0,Higher,0.403797141860459,1.60367010204171,5,1.27255184167736,5.0,,
1,1,20,1,1,20,1,14,7,4,2014,Completed,2,20,17.0,32.0,17.0,42.0,5.0,1976.0,37.0,Yes,Higher,31.0,,At least once a week,Not at all,Almost every day,Yes,Yes,Almost every day,Yes,Yes,Almost every day,Yes,Yes,Almost every day,No,,,,,,,,No,,,0.0,,,,,No,No,No,No,No,No,"Yes, currently married",No (Only one),,,,Only once,2.0,2014.0,,37.0,No,Days ago,0.0,No,Wife,No,,,,,1.0,Yes,Yes,No,Yes,No,No,Yes,No,Yes,Yes,Yes,Yes,Yes,No,Yes,Less than 12 months ago,Yes,,No,,,,No,,,,,No,,,,,,,,,No,,,,,,,No,,,,,,,,,,,,,,,,Urban,Bulawayo,1372,917.0,35-39,1370.0,37.0,,Currently married/in union,0.0,0.0,0.0,Higher,0.403797141860459,1.54327702631422,5,1.08902631982422,5.0,,
2,2,1,1,2,1,1,9,8,4,2014,Completed,1,40,10.0,37.0,10.0,52.0,2.0,1973.0,41.0,Yes,Primary,17.0,Able to read whole sentence,Not at all,Almost every day,Less than once a week,No,,,No,,,Yes,Yes,Almost every day,Yes,21.0,Yes,1.0,1.0,Yes,1.0,0.0,No,,,3.0,No,2.0,5.0,2012.0,No,No,No,No,No,No,"Yes, currently married",No (Only one),,,,More than once,8.0,1991.0,,20.0,No,Days ago,0.0,Yes,Wife,No,,,,,5.0,Yes,Yes,No,Yes,No,No,Yes,No,Yes,No,Yes,Yes,No,Yes,Yes,2 or more years ago,Yes,,No,,,,Yes,18.0,Yes,10.0,30.0,Yes,Yes,,,,,Rolled tobacco,,7.0,No,,,,,,,Yes,19.0,8.0,2.0,,,,,,,,,,,,,Urban,Bulawayo,1372,878.0,40-44,1100.0,18.0,,Currently married/in union,3.0,3.0,0.0,Primary,1.03192602919895,0.878635263695964,4,-0.930720561098312,1.0,,
3,2,1,5,2,1,5,9,12,4,2014,Not at home,1,40,,,,,,,,,,,,,,,,,,,,,,,,,,,,,,,,,,,,,,,,,,,,,,,,,,,,,,,,,,,,,,,,,,,,,,,,,,,,,,,,,,,,,,,,,,,,,,,,,,,,,,,,,,,,,,,,,,,,,,,,,,,,,,Urban,Bulawayo,1372,,,,,,,,,,,0.0,0.0,0,0.0,0.0,0.0,0.0
4,2,1,8,2,1,8,9,8,4,2014,Completed,1,40,10.0,53.0,11.0,10.0,2.0,1993.0,21.0,Yes,Secondary,24.0,,Less than once a week,At least once a week,Less than once a week,No,,,No,,,Yes,Yes,Almost every day,No,,,,,,,,No,,,0.0,,,,,No,No,No,No,No,No,"No, not in union",,,No,,,,,,19.0,Yes,Months ago,7.0,Yes,Girlfriend,No,,,,,3.0,Yes,Yes,No,Yes,No,No,Yes,Yes,Yes,Yes,Yes,Yes,No,Yes,Yes,12-23 months ago,Yes,,No,,,,No,,,,,No,,,,,,,,,No,,,,,,,Yes,20.0,10.0,2.0,,,,,,,,,,,,,Urban,Bulawayo,1372,1118.0,20-24,,,,Never married/in union,0.0,0.0,0.0,Secondary,1.03192602919895,0.878635263695964,4,-0.930720561098312,1.0,,
5,2,5,1,2,5,1,9,8,4,2014,Not at home,1,40,,,,,,,,,,,,,,,,,,,,,,,,,,,,,,,,,,,,,,,,,,,,,,,,,,,,,,,,,,,,,,,,,,,,,,,,,,,,,,,,,,,,,,,,,,,,,,,,,,,,,,,,,,,,,,,,,,,,,,,,,,,,,,Urban,Bulawayo,1372,,,,,,,,,,,0.0,0.0,0,0.0,0.0,0.0,0.0
6,2,7,1,2,7,1,9,12,4,2014,Completed,1,40,15.0,42.0,16.0,0.0,5.0,1987.0,26.0,Yes,Primary,16.0,Cannot read at all,,Almost every day,Not at all,No,,,No,,,Yes,Yes,Almost every day,Yes,23.0,Yes,1.0,0.0,No,,,No,,,1.0,Yes,,12.0,2011.0,No,No,No,No,No,No,"Yes, currently married",No (Only one),,,,Only once,1.0,2011.0,,20.0,Yes,Days ago,2.0,No,Wife,No,,,,,5.0,Yes,Yes,No,Yes,No,No,Yes,Yes,Yes,Yes,Yes,Yes,Yes,Yes,Yes,Less than 12 months ago,Yes,,Yes,13.0,Traditional practitioner/family/friend,Circumcision done at home,Yes,21.0,No,,,No,,,,,,,,,No,,,,,,,Yes,18.0,0.0,,,,,,,,,,,,,,Urban,Bulawayo,1372,1049.0,25-29,1333.0,23.0,,Currently married/in union,1.0,1.0,0.0,Primary,1.03192602919895,0.594823181887601,4,-1.79318301717754,1.0,,
7,2,10,1,2,10,1,6,12,4,2014,Completed,1,40,12.0,37.0,12.0,54.0,5.0,1990.0,23.0,Yes,Higher,0.0,,Almost every day,Almost every day,At least once a week,Yes,Yes,Almost every day,Yes,Yes,Almost every day,Yes,Yes,Almost every day,No,,,,,,,,No,,,0.0,,,,,Yes,No,Yes,No,No,No,"No, not in union",,,No,,,,,,17.0,No,Days ago,1.0,Yes,Girlfriend,No,,,,,10.0,Yes,Yes,No,Yes,No,No,Yes,No,Yes,Yes,Yes,Yes,No,Yes,Yes,Less than 12 months ago,Yes,,No,,,,Yes,16.0,No,,,No,,,,,,,,,No,,,,,,,Yes,15.0,0.0,,,,,,,,,,,,,,Urban,Bulawayo,1372,1085.0,20-24,,,,Never married/in union,0.0,0.0,0.0,Higher,1.03192602919895,1.32464487197614,5,0.424635911893526,4.0,,
8,2,11,1,2,11,1,12,7,4,2014,Completed,1,40,10.0,19.0,10.0,32.0,9.0,1982.0,31.0,Yes,Secondary,24.0,,Less than once a week,At least once a week,At least once a week,Yes,Yes,Not at all,Yes,Yes,At least once a week,Yes,Yes,Not at all,Yes,27.0,No,,,Yes,1.0,0.0,No,,,1.0,Yes,,9.0,2010.0,No,No,No,No,No,Yes,"Yes, currently married",No (Only one),,,,More than once,1.0,2009.0,,22.0,Yes,Days ago,0.0,No,Wife,No,,,,,5.0,Yes,Yes,No,Yes,No,No,Yes,Yes,DK,DK,Yes,Yes,No,Yes,Yes,Less than 12 months ago,Yes,,No,,,,Yes,25.0,Yes,4.0,10.0,Yes,Yes,,,,,Rolled tobacco,,7.0,No,,,,,,,Yes,21.0,30.0,4.0,1.0,Observed,Olyset,1.0,,,,Yes,1.0,2.0,3.0,90.0,Urban,Bulawayo,1372,993.0,30-34,1309.0,26.0,,Currently married/in union,1.0,1.0,0.0,Secondary,1.03192602919895,0.541829649060185,4,-1.95422243518762,1.0,,
9,2,13,1,2,13,1,12,7,4,2014,Completed,1,40,18.0,13.0,18.0,20.0,1.0,1990.0,24.0,Yes,Primary,15.0,Able to read whole sentence,Not at all,Almost every day,Less than once a week,No,,,No,,,Yes,Yes,Almost every day,No,,,,,,,,No,,,0.0,,,,,No,No,No,No,No,No,"No, not in union",,,No,,,,,,0.0,,,,,,,,,,,,Yes,Yes,No,Yes,Yes,DK,Yes,DK,Yes,DK,No,No,Yes,Yes,No,,,Yes,No,,,,No,,,,,No,,,,,,,,,No,,,,,,,No,,,,,,,,,,,,,,,,Urban,Bulawayo,1372,1081.0,20-24,,,,Never married/in union,0.0,0.0,0.0,Primary,1.03192602919895,0.926726961662812,4,-0.784577085876157,1.0,,
10,2,14,2,2,14,2,12,13,4,2014,Completed,1,40,8.0,18.0,8.0,31.0,1.0,1978.0,36.0,Yes,Secondary,24.0,,Almost every day,At least once a week,Almost every day,Yes,Yes,Almost every day,Yes,Yes,Almost every day,Yes,Yes,Almost every day,Yes,28.0,Yes,1.0,0.0,Yes,1.0,0.0,No,,,2.0,No,2.0,12.0,2012.0,No,No,No,No,No,No,"No, not in union",,,"Yes, formerly married",Separated,More than once,98.0,2006.0,,18.0,Yes,Weeks ago,2.0,Yes,Girlfriend,No,,,,,12.0,Yes,Yes,No,Yes,No,No,Yes,No,Yes,No,Yes,Yes,No,Yes,Yes,Less than 12 months ago,Yes,,No,,,,Yes,21.0,Yes,10.0,30.0,No,,,,,,,,,No,,,,,,,Yes,21.0,10.0,5.0,,,,,,,,,,,,,Urban,Bulawayo,1372,937.0,35-39,1279.0,28.0,,Formerly married/in union,2.0,2.0,0.0,Secondary,1.03192602919895,1.53554905874275,5,1.06554218253968,5.0,,
11,2,14,3,2,14,3,12,15,4,2014,Completed,1,40,9.0,13.0,9.0,21.0,6.0,1989.0,24.0,Yes,Higher,0.0,,Almost every day,At least once a week,Almost every day,Yes,Yes,Almost every day,Yes,Yes,Almost every day,Yes,Yes,Almost every day,DK,,,,,,,,No,,,0.0,,,,,No,No,No,No,No,No,"No, not in union",,,No,,,,,,22.0,Yes,Months ago,1.0,Yes,Girlfriend,No,,,,,3.0,Yes,Yes,No,Yes,No,No,Yes,Yes,Yes,No,Yes,Yes,Yes,Yes,Yes,Less than 12 months ago,Yes,,No,,,,Yes,0.0,,,,No,,,,,,,,,No,,,,,,,Yes,24.0,4.0,6.0,,,,,,,,,,,,,Urban,Bulawayo,1372,1074.0,20-24,,,,Never married/in union,0.0,0.0,0.0,Higher,1.03192602919895,1.53554905874275,5,1.06554218253968,5.0,,
12,2,14,5,2,14,5,12,7,4,2014,Completed,1,40,13.0,32.0,13.0,41.0,1.0,1995.0,19.0,Yes,Secondary,24.0,,Less than once a week,At least once a week,Almost every day,Yes,Yes,Almost every day,Yes,Yes,Almost every day,Yes,Yes,Almost every day,No,,,,,,,,No,,,0.0,,,,,No,No,No,No,No,No,"No, not in union",,,No,,,,,,18.0,Yes,Months ago,2.0,Yes,Girlfriend,No,,,,,1.0,Yes,Yes,No,Yes,No,No,Yes,Yes,Yes,Yes,Yes,Yes,Yes,Yes,Yes,Less than 12 months ago,Yes,,No,,,,No,,,,,No,,,,,,,,,No,,,,,,,No,,,,,,,,,,,,,,,,Urban,Bulawayo,1372,1141.0,15-19,,,,Never married/in union,0.0,0.0,0.0,Secondary,1.03192602919895,1.53554905874275,5,1.06554218253968,5.0,,
13,2,17,1,2,17,1,10,13,4,2014,Completed,1,40,12.0,24.0,12.0,37.0,8.0,1976.0,37.0,Yes,Secondary,24.0,,At least once a week,Almost every day,At least once a week,No,,,No,,,Yes,Yes,Almost every day,Yes,25.0,Yes,1.0,1.0,Yes,2.0,0.0,No,,,4.0,No,2.0,2.0,2010.0,No,No,No,No,No,Yes,"Yes, currently married",No (Only one),,,,More than once,11.0,1999.0,,24.0,No,Days ago,3.0,No,Wife,No,,,,,15.0,Yes,Yes,No,Yes,Yes,Yes,Yes,Yes,Yes,Yes,Yes,Yes,No,Yes,Yes,Less than 12 months ago,Yes,,No,,,,Yes,34.0,Yes,4.0,30.0,Yes,No,,,,,,,,No,,,,,,,Yes,25.0,0.0,,,,,,,,,,,,,,Urban,Bulawayo,1372,920.0,35-39,1199.0,23.0,,Currently married/in union,4.0,4.0,0.0,Secondary,1.03192602919895,0.961362751625098,4,-0.679324101969404,2.0,,
14,2,19,1,2,19,1,10,13,4,2014,Completed,1,40,8.0,30.0,8.0,41.0,9.0,1961.0,52.0,Yes,Secondary,24.0,,Almost every day,Almost every day,Less than once a week,No,,,No,,,Yes,Yes,Almost every day,Yes,30.0,Yes,1.0,2.0,No,,,No,,,3.0,Yes,,5.0,2001.0,No,No,No,No,No,No,"Yes, currently married",No (Only one),,,,Only once,2.0,1990.0,,19.0,No,Days ago,4.0,Yes,Wife,No,,,,,2.0,Yes,Yes,DK,Yes,No,No,Yes,Yes,Yes,Yes,Yes,Yes,No,Yes,Yes,Less than 12 months ago,Yes,,No,,,,Yes,22.0,Yes,12.0,30.0,No,,,,,,,,,No,,,,,,,Yes,19.0,30.0,4.0,,,,,,,,,,,,,Urban,Bulawayo,1372,741.0,50-54,1082.0,28.0,,Currently married/in union,3.0,3.0,0.0,Secondary,1.03192602919895,1.50525589611226,5,0.973485793402807,5.0,,
15,2,20,1,2,20,1,10,12,4,2014,Completed,1,40,15.0,14.0,15.0,38.0,11.0,1961.0,52.0,Yes,Secondary,22.0,,At least once a week,At least once a week,Almost every day,No,,,No,,,Yes,Yes,Almost every day,Yes,25.0,Yes,0.0,1.0,Yes,1.0,2.0,No,,,4.0,No,2.0,4.0,2013.0,No,No,No,No,No,No,"Yes, currently married",No (Only one),,,,More than once,5.0,1981.0,,14.0,No,Days ago,4.0,No,Wife,No,,,,,6.0,Yes,Yes,No,Yes,Yes,No,Yes,No,Yes,Yes,No,Yes,No,Yes,No,,,Yes,No,,,,Yes,12.0,Yes,5.0,30.0,Yes,Yes,,,,,Rolled tobacco,,10.0,No,,,,,,,No,,,,,,,,,,,,,,,,Urban,Bulawayo,1372,743.0,50-54,977.0,19.0,,Currently married/in union,4.0,4.0,0.0,Secondary,1.03192602919895,0.837470734143721,4,-1.05581340786777,1.0,,
16,2,22,1,2,22,1,8,12,4,2014,Completed,1,40,11.0,51.0,12.0,5.0,10.0,1988.0,25.0,Yes,Primary,17.0,Cannot read at all,,Less than once a week,Less than once a week,No,,,No,,,Yes,Yes,Less than once a week,Yes,21.0,Yes,2.0,0.0,No,,,No,,,2.0,Yes,,4.0,2013.0,No,No,No,No,No,No,"Yes, currently married",No (Only one),,,,Only once,98.0,2010.0,,20.0,Yes,Days ago,1.0,No,Wife,No,,,,,1.0,Yes,Yes,No,No,No,Yes,Yes,No,Yes,No,Yes,No,Yes,Yes,No,,,Yes,No,,,,No,,,,,No,,,,,,,,,No,,,,,,,No,,,,,,,,,,,,,,,,Urban,Bulawayo,1372,1066.0,25-29,1326.0,21.0,,Currently married/in union,2.0,2.0,0.0,Primary,1.03192602919895,0.613222920037485,4,-1.73726896568667,1.0,,
17,2,25,1,2,25,1,8,7,4,2014,Completed,1,40,15.0,48.0,16.0,0.0,11.0,1971.0,42.0,Yes,Secondary,24.0,,Less than once a week,Less than once a week,Almost every day,No,,,Yes,Yes,Almost every day,Yes,Yes,Almost every day,Yes,35.0,Yes,2.0,1.0,No,,,No,,,3.0,Yes,,12.0,2013.0,No,No,No,No,No,No,"Yes, currently married",No (Only one),,,,More than once,98.0,2000.0,,20.0,No,Days ago,1.0,No,Wife,No,,,,,3.0,Yes,Yes,No,Yes,No,Yes,Yes,No,No,Yes,Yes,Yes,No,Yes,Yes,Less than 12 months ago,Yes,,No,,,,Yes,0.0,,,,No,,,,,,,,,No,,,,,,,Yes,15.0,1.0,1.0,1.0,Observed,Permanent,24.0,,,,Yes,1.0,2.0,5.0,90.0,Urban,Bulawayo,1372,863.0,40-44,1208.0,28.0,,Currently married/in union,3.0,3.0,0.0,Secondary,1.03192602919895,1.2752845648797,5,0.274637323320534,4.0,,
18,3,3,1,3,3,1,5,16,4,2014,Completed,2,4,18.0,2.0,18.0,15.0,4.0,1972.0,42.0,Yes,Higher,31.0,,Almost every day,Almost every day,Less than once a week,Yes,Yes,Almost every day,Yes,Yes,Almost every day,Yes,Yes,Almost every day,Yes,32.0,Yes,1.0,1.0,No,,,No,,,2.0,Yes,,1.0,2011.0,No,No,No,No,No,No,"Yes, currently married",No (Only one),,,,Only once,3.0,2002.0,,30.0,No,Days ago,1.0,No,Wife,No,,,,,1.0,Yes,Yes,No,Yes,No,No,Yes,No,Yes,DK,Yes,Yes,Yes,Yes,Yes,2 or more years ago,Yes,,No,,,,No,,,,,No,,,,,,,,,No,,,,,,,No,,,,,,,,,,,,,,,,Urban,Bulawayo,1372,868.0,40-44,1227.0,29.0,,Currently married/in union,2.0,2.0,0.0,Higher,1.34530895870472,1.38926949458259,5,0.621020471638911,4.0,,
19,3,4,1,3,4,1,5,11,4,2014,Completed,2,4,12.0,20.0,12.0,35.0,10.0,1981.0,32.0,Yes,Primary,17.0,Able to read whole sentence,Less than once a week,Less than once a week,Not at all,No,,,No,,,Yes,Yes,Almost every day,Yes,30.0,Yes,0.0,1.0,No,,,No,,,1.0,Yes,,7.0,2012.0,No,No,No,No,No,No,"Yes, living with a women",No (Only one),,,,More than once,98.0,2000.0,,18.0,Yes,Days ago,0.0,Yes,Cohabiting partner,Yes,Yes,Casual acquaintance,No,,3.0,Yes,Yes,No,Yes,DK,No,Yes,Yes,Yes,Yes,Yes,Yes,No,Yes,Yes,Less than 12 months ago,Yes,,No,,,,No,,,,,No,,,,,,,,,No,,,,,,,No,,,,,,,,,,,,,,,,Urban,Bulawayo,1372,982.0,30-34,1201.0,18.0,,Currently married/in union,1.0,1.0,0.0,Primary,1.34530895870472,0.882931314047315,4,-0.917665506803731,1.0,,
20,3,6,1,3,6,1,7,14,4,2014,Completed,2,4,10.0,16.0,10.0,21.0,5.0,1994.0,19.0,Yes,Primary,16.0,Able to read whole sentence,Not at all,Almost every day,Almost every day,No,,,No,,,Yes,Yes,Almost every day,No,,,,,,,,No,,,0.0,,,,,No,No,No,No,No,No,"No, not in union",,,No,,,,,,16.0,No,Days ago,5.0,Yes,Girlfriend,Yes,Yes,Girlfrend,Yes,4.0,7.0,Yes,Yes,No,Yes,No,No,Yes,No,DK,No,Yes,Yes,No,Yes,No,,,Yes,No,,,,No,,,,,No,,,,,,,,,No,,,,,,,Yes,17.0,1.0,1.0,1.0,Not observed,DK brand / type,95.0,Yes,No,,Yes,1.0,90.0,,,Urban,Bulawayo,1372,1133.0,15-19,,,,Never married/in union,0.0,0.0,0.0,Primary,1.34530895870472,0.926326163235222,4,-0.785795052334984,1.0,,
21,3,7,1,3,7,1,11,13,4,2014,Completed,2,4,12.0,54.0,13.0,11.0,11.0,1978.0,35.0,Yes,Primary,17.0,Able to read whole sentence,Not at all,At least once a week,Less than once a week,No,,,No,,,Yes,Yes,At least once a week,Yes,27.0,Yes,1.0,2.0,No,,,No,,,3.0,Yes,,11.0,2012.0,No,No,No,No,No,No,"Yes, currently married",No (Only one),,,,Only once,5.0,2003.0,,17.0,No,Days ago,1.0,No,Wife,No,,,,,7.0,Yes,Yes,No,Yes,Yes,No,Yes,Yes,Yes,Yes,Yes,Yes,Yes,Yes,Yes,Less than 12 months ago,Yes,,No,,,,No,,,,,No,,,,,,,,,Yes,Yes,,Snuff,,,3.0,Yes,32.0,4.0,4.0,,,,,,,,,,,,,Urban,Bulawayo,1372,947.0,35-39,1241.0,24.0,,Currently married/in union,3.0,3.0,0.0,Primary,1.34530895870472,0.983574748682968,4,-0.611825166001308,2.0,,
22,3,9,1,3,9,1,13,12,4,2014,Completed,2,4,14.0,21.0,14.0,34.0,6.0,1959.0,54.0,Yes,Secondary,22.0,,Almost every day,Less than once a week,At least once a week,No,,,No,,,Yes,No,,Yes,27.0,No,,,Yes,3.0,2.0,No,,,5.0,No,3.0,5.0,2006.0,No,No,No,No,No,No,"Yes, currently married",No (Only one),,,,More than once,98.0,1987.0,,20.0,No,Days ago,3.0,No,Wife,No,,,,,14.0,Yes,Yes,No,Yes,Yes,No,Yes,Yes,Yes,Yes,Yes,No,No,Yes,Yes,2 or more years ago,Yes,,No,,,,Yes,20.0,Yes,9.0,30.0,Yes,Yes,,,,,Rolled tobacco,,10.0,No,,,,,,,Yes,16.0,4.0,1.0,,,,,,,,,,,,,Urban,Bulawayo,1372,714.0,50-54,1055.0,28.0,,Currently married/in union,5.0,5.0,0.0,Secondary,1.34530895870472,1.42055960766313,5,0.716106444041802,4.0,,
23,3,10,1,3,10,1,13,16,4,2014,Completed,2,4,17.0,12.0,17.0,29.0,9.0,1986.0,27.0,Yes,Secondary,24.0,,At least once a week,At least once a week,At least once a week,Yes,Yes,Not at all,Yes,No,,Yes,Yes,Almost every day,Yes,26.0,Yes,1.0,0.0,No,,,No,,,1.0,Yes,,5.0,2013.0,No,No,No,No,No,No,"Yes, currently married",No (Only one),,,,More than once,1.0,2013.0,,20.0,Yes,Weeks ago,1.0,No,Wife,No,,,,,5.0,Yes,Yes,No,Yes,No,No,Yes,No,Yes,No,Yes,Yes,No,Yes,No,,,Yes,No,,,,Yes,18.0,No,,,No,,,,,,,,,No,,,,,,,Yes,18.0,0.0,,,,,,,,,,,,,,Urban,Bulawayo,1372,1041.0,25-29,1357.0,26.0,,Currently married/in union,1.0,1.0,0.0,Secondary,1.34530895870472,1.48595012268855,5,0.914818436264849,5.0,,
24,3,10,4,3,10,4,13,14,4,2014,Not at home,2,4,,,,,,,,,,,,,,,,,,,,,,,,,,,,,,,,,,,,,,,,,,,,,,,,,,,,,,,,,,,,,,,,,,,,,,,,,,,,,,,,,,,,,,,,,,,,,,,,,,,,,,,,,,,,,,,,,,,,,,,,,,,,,,Urban,Bulawayo,1372,,,,,,,,,,,0.0,0.0,0,0.0,0.0,0.0,0.0
25,3,12,1,3,12,1,13,14,4,2014,Completed,2,4,9.0,36.0,9.0,49.0,11.0,1984.0,29.0,Yes,Secondary,24.0,,Almost every day,Almost every day,Almost every day,Yes,Yes,Almost every day,Yes,Yes,At least once a week,Yes,Yes,Almost every day,Yes,24.0,Yes,0.0,1.0,Yes,0.0,1.0,No,,,2.0,No,2.0,8.0,2013.0,No,No,No,No,No,No,"Yes, currently married",No (Only one),,,,More than once,8.0,2007.0,,21.0,No,Days ago,0.0,No,Wife,Yes,Yes,Casual acquaintance,No,,5.0,Yes,Yes,No,Yes,No,No,Yes,Yes,Yes,Yes,Yes,Yes,Yes,Yes,Yes,Less than 12 months ago,Yes,,No,,,,No,,,,,No,,,,,,,,,No,,,,,,,Yes,27.0,0.0,,,,,,,,,,,,,,Urban,Bulawayo,1372,1019.0,25-29,1292.0,22.0,,Currently married/in union,2.0,2.0,0.0,Secondary,1.34530895870472,1.18018554512537,5,-0.0143543701459527,3.0,,
26,3,13,3,3,13,3,5,14,4,2014,Completed,2,4,9.0,41.0,9.0,50.0,7.0,1994.0,19.0,Yes,Secondary,26.0,,Less than once a week,Not at all,Almost every day,Yes,Yes,Almost every day,Yes,Yes,At least once a week,Yes,Yes,Almost every day,DK,,,,,,,,No,,,0.0,,,,,No,No,No,No,No,No,"No, not in union",,,No,,,,,,18.0,Yes,Months ago,3.0,Yes,Girlfriend,No,,,,,3.0,Yes,Yes,No,Yes,No,No,Yes,Yes,Yes,No,Yes,No,No,Yes,Yes,Less than 12 months ago,Yes,,No,,,,No,,,,,No,,,,,,,,,No,,,,,,,Yes,18.0,1.0,6.0,,,,,,,,,,,,,Urban,Bulawayo,1372,1135.0,15-19,,,,Never married/in union,0.0,0.0,0.0,Secondary,1.34530895870472,1.58800005434447,5,1.22493291108875,5.0,,
27,3,15,1,3,15,1,13,17,4,2014,Not at home,2,4,,,,,,,,,,,,,,,,,,,,,,,,,,,,,,,,,,,,,,,,,,,,,,,,,,,,,,,,,,,,,,,,,,,,,,,,,,,,,,,,,,,,,,,,,,,,,,,,,,,,,,,,,,,,,,,,,,1.0,Not observed,DK brand / type,12.0,No,No,,Yes,1.0,2.0,8.0,90.0,Urban,Bulawayo,1372,,,,,,,,,,,0.0,0.0,0,0.0,0.0,0.0,0.0
28,3,15,3,3,15,3,13,11,4,2014,Completed,2,4,11.0,36.0,11.0,46.0,1.0,1999.0,15.0,Yes,Secondary,22.0,,Almost every day,Almost every day,Almost every day,Yes,Yes,Almost every day,Yes,Yes,At least once a week,Yes,Yes,Almost every day,No,,,,,,,,No,,,0.0,,,,,No,No,No,No,No,No,"No, not in union",,,No,,,,,,0.0,,,,,,,,,,,,Yes,Yes,No,Yes,No,No,Yes,Yes,DK,Yes,Yes,Yes,Yes,Yes,Yes,Less than 12 months ago,Yes,,Yes,14.0,Traditional practitioner/family/friend,Health facility,No,,,,,No,,,,,,,,,No,,,,,,,Yes,0.0,,,,,,,,,,,,,,,Urban,Bulawayo,1372,1189.0,15-19,,,,Never married/in union,0.0,0.0,0.0,Secondary,1.34530895870472,1.68737774544561,5,1.52692684665506,5.0,,
29,3,18,3,3,18,3,14,11,4,2014,Completed,2,4,10.0,51.0,11.0,3.0,12.0,1994.0,19.0,Yes,Primary,17.0,Able to read whole sentence,At least once a week,Almost every day,Not at all,No,,,No,,,Yes,Yes,Almost every day,Yes,18.0,No,,,Yes,1.0,0.0,No,,,1.0,Yes,,99.0,2013.0,No,No,No,No,No,No,"No, not in union",,,"Yes, formerly married",Divorced,Only once,1.0,2013.0,,18.0,Yes,Months ago,2.0,Yes,Girlfriend,No,,,,,2.0,Yes,Yes,No,Yes,No,No,Yes,Yes,Yes,No,Yes,Yes,No,Yes,Yes,Less than 12 months ago,Yes,,Yes,18.0,Health worker/Professional,Health facility,Yes,17.0,Yes,10.0,30.0,No,,,,,,,,,No,,,,,,,Yes,18.0,10.0,1.0,,,,,,,,,,,,,Urban,Bulawayo,1372,1140.0,15-19,1357.0,18.0,,Formerly married/in union,1.0,1.0,0.0,Primary,1.34530895870472,0.854822630878692,4,-1.00308358967144,1.0,,
30,3,19,1,3,19,1,14,14,4,2014,Completed,2,4,10.0,8.0,10.0,16.0,12.0,1973.0,40.0,Yes,Secondary,24.0,,At least once a week,Not at all,Less than once a week,No,,,No,,,Yes,Yes,Almost every day,Yes,17.0,No,,,Yes,3.0,2.0,No,,,5.0,No,2.0,1.0,2011.0,No,Yes,No,No,No,No,"Yes, currently married",No (Only one),,,,Only once,3.0,1996.0,,16.0,No,Days ago,0.0,Yes,Girlfriend,Yes,No,Wife,No,,20.0,Yes,Yes,No,Yes,No,No,Yes,Yes,Yes,Yes,Yes,Yes,Yes,Yes,Yes,Less than 12 months ago,Yes,,No,,,,No,,,,,No,,,,,,,,,Yes,Yes,,Snuff,,,30.0,Yes,20.0,30.0,7.0,,,,,,,,,,,,,Urban,Bulawayo,1372,888.0,40-44,1155.0,22.0,,Currently married/in union,5.0,5.0,0.0,Secondary,1.34530895870472,1.15230341558899,5,-0.0990839904194847,3.0,,
31,3,22,1,3,22,1,11,16,4,2014,Refused,2,4,,,,,,,,,,,,,,,,,,,,,,,,,,,,,,,,,,,,,,,,,,,,,,,,,,,,,,,,,,,,,,,,,,,,,,,,,,,,,,,,,,,,,,,,,,,,,,,,,,,,,,,,,,,,,,,,,,,,,,,,,,,,,,Urban,Bulawayo,1372,,,,,,,,,,,0.0,0.0,0,0.0,0.0,0.0,0.0
32,3,22,5,3,22,5,11,13,4,2014,Refused,2,4,,,,,,,,,,,,,,,,,,,,,,,,,,,,,,,,,,,,,,,,,,,,,,,,,,,,,,,,,,,,,,,,,,,,,,,,,,,,,,,,,,,,,,,,,,,,,,,,,,,,,,,,,,,,,,,,,,,,,,,,,,,,,,Urban,Bulawayo,1372,,,,,,,,,,,0.0,0.0,0,0.0,0.0,0.0,0.0
33,3,24,1,3,24,1,7,11,4,2014,Completed,2,4,17.0,5.0,17.0,19.0,2.0,1982.0,32.0,Yes,Primary,17.0,Cannot read at all,,At least once a week,Almost every day,No,,,No,,,Yes,Yes,Almost every day,No,,,,,,,,No,,,0.0,,,,,No,No,No,No,No,No,"Yes, currently married","Yes, (More than one)",2.0,,,,9.0,2006.0,,14.0,No,Days ago,1.0,No,Wife,Yes,Yes,Girlfrend,No,,10.0,Yes,Yes,No,Yes,DK,No,Yes,Yes,Yes,Yes,Yes,Yes,No,Yes,Yes,Less than 12 months ago,Yes,,No,,,,Yes,16.0,Yes,6.0,30.0,No,,,,,,,,,No,,,,,,,Yes,14.0,2.0,2.0,,,,,,,,,,,,,Urban,Bulawayo,1372,986.0,30-34,1281.0,24.0,,Currently married/in union,0.0,0.0,0.0,Primary,1.34530895870472,1.0120716793412,4,-0.525227257097585,2.0,,
34,3,25,1,3,25,1,11,16,4,2014,Not at home,2,4,,,,,,,,,,,,,,,,,,,,,,,,,,,,,,,,,,,,,,,,,,,,,,,,,,,,,,,,,,,,,,,,,,,,,,,,,,,,,,,,,,,,,,,,,,,,,,,,,,,,,,,,,,,,,,,,,,3.0,Observed,Dawa,4.0,,,,Yes,1.0,2.0,90.0,,Urban,Bulawayo,1372,,,,,,,,,,,0.0,0.0,0,0.0,0.0,0.0,0.0
35,4,2,1,4,2,1,10,15,4,2014,Completed,7,9,11.0,20.0,11.0,41.0,8.0,1985.0,28.0,Yes,Higher,31.0,,Not at all,Not at all,Almost every day,Yes,Yes,Almost every day,Yes,Yes,Almost every day,Yes,Yes,Almost every day,No,,,,,,,,No,,,0.0,,,,,No,No,No,No,No,No,"No, not in union",,,No,,,,,,0.0,,,,,,,,,,,,Yes,Yes,No,Yes,DK,No,Yes,Yes,Yes,No,Yes,Yes,No,Yes,No,,,Yes,No,,,,No,,,,,No,,,,,,,,,No,,,,,,,No,,,,,,,,,,,,,,,,Urban,Bulawayo,1372,1028.0,25-29,,,,Never married/in union,0.0,0.0,0.0,Higher,0.937422731863394,1.44135532440612,5,0.779301516019743,4.0,,
36,4,3,1,4,3,1,10,11,4,2014,Completed,7,9,10.0,14.0,10.0,37.0,1.0,1966.0,48.0,Yes,Secondary,24.0,,Less than once a week,At least once a week,Almost every day,Yes,No,,No,,,Yes,Yes,Almost every day,Yes,29.0,Yes,3.0,1.0,No,,,Yes,0.0,1.0,5.0,No,2.0,12.0,2004.0,No,No,No,No,No,No,"Yes, currently married",No (Only one),,,,More than once,5.0,1992.0,,24.0,No,Days ago,1.0,Yes,Wife,No,,,,,4.0,Yes,Yes,No,Yes,No,No,Yes,DK,Yes,Yes,Yes,Yes,No,Yes,Yes,2 or more years ago,Yes,,No,,,,Yes,19.0,No,,,Yes,No,,,,,,,,No,,,,,,,No,,,,,,,,,,,,,,,,Urban,Bulawayo,1372,793.0,45-49,1109.0,26.0,,Currently married/in union,5.0,4.0,1.0,Secondary,0.937422731863394,0.834992198040054,4,-1.06334530827817,1.0,,
37,4,6,3,4,6,3,8,15,4,2014,Completed,7,9,9.0,13.0,9.0,24.0,12.0,1986.0,27.0,Yes,Secondary,24.0,,At least once a week,Almost every day,Almost every day,No,,,No,,,Yes,Yes,Almost every day,No,,,,,,,,No,,,0.0,,,,,No,No,No,No,No,No,"Yes, currently married",No (Only one),,,,More than once,2.0,2012.0,,23.0,Yes,Weeks ago,4.0,Missing,Wife,Yes,Yes,Casual acquaintance,No,,3.0,Yes,Yes,No,Yes,No,Yes,Yes,No,Yes,Yes,No,Yes,Yes,Yes,Yes,2 or more years ago,Yes,,No,,,,Yes,27.0,Yes,3.0,10.0,Yes,No,,,,,,,,No,,,,,,,Yes,19.0,10.0,2.0,,,,,,,,,,,,,Urban,Bulawayo,1372,1044.0,25-29,1346.0,25.0,,Currently married/in union,0.0,0.0,0.0,Secondary,0.937422731863394,1.27142548451568,5,0.262910155443274,4.0,,
38,4,6,5,4,6,5,12,11,4,2014,Completed,7,9,10.0,19.0,10.0,26.0,10.0,1998.0,15.0,Yes,Secondary,21.0,,At least once a week,Less than once a week,Almost every day,Yes,Yes,At least once a week,Yes,Yes,Less than once a week,Yes,Yes,Almost every day,No,,,,,,,,No,,,0.0,,,,,No,Yes,Yes,No,No,No,"No, not in union",,,No,,,,,,0.0,,,,,,,,,,,,Yes,Yes,No,Yes,No,No,Yes,No,No,Yes,Yes,Yes,No,Yes,No,,,Yes,No,,,,Yes,0.0,,,,No,,,,,,,,,No,,,,,,,Yes,11.0,2.0,5.0,,,,,,,,,,,,,Urban,Bulawayo,1372,1186.0,15-19,,,,Never married/in union,0.0,0.0,0.0,Secondary,0.937422731863394,1.27142548451568,5,0.262910155443274,4.0,,
39,4,9,2,4,9,2,12,12,4,2014,Incapacitated,7,9,,,,,,,,,,,,,,,,,,,,,,,,,,,,,,,,,,,,,,,,,,,,,,,,,,,,,,,,,,,,,,,,,,,,,,,,,,,,,,,,,,,,,,,,,,,,,,,,,,,,,,,,,,,,,,,,,,,,,,,,,,,,,,Urban,Bulawayo,1372,,,,,,,,,,,0.0,0.0,0,0.0,0.0,0.0,0.0
40,4,11,1,4,11,1,6,11,4,2014,Completed,7,9,9.0,26.0,9.0,40.0,1.0,1961.0,53.0,Yes,Higher,30.0,,At least once a week,Almost every day,Almost every day,Yes,Yes,Almost every day,Yes,Yes,At least once a week,Yes,Yes,Almost every day,Yes,28.0,Yes,0.0,4.0,No,,,No,,,4.0,Yes,,3.0,2004.0,No,No,No,No,No,No,"Yes, currently married",No (Only one),,,,Only once,2.0,1993.0,,18.0,No,Days ago,2.0,No,Wife,No,,,,,4.0,Yes,Yes,No,Yes,No,No,Yes,Yes,Yes,Yes,Yes,Yes,No,Yes,Yes,2 or more years ago,Yes,,No,,,,No,,,,,No,,,,,,,,,No,,,,,,,Yes,31.0,0.0,,,,,,,,,,,,,,Urban,Bulawayo,1372,733.0,50-54,1118.0,32.0,,Currently married/in union,4.0,4.0,0.0,Higher,0.937422731863394,1.39319942044188,5,0.632962928377234,4.0,,
41,4,12,3,4,12,3,6,11,4,2014,Completed,7,9,14.0,35.0,14.0,47.0,11.0,1997.0,16.0,Yes,Secondary,24.0,,Almost every day,Less than once a week,Almost every day,Yes,Yes,At least once a week,Yes,Yes,Almost every day,Yes,Yes,Almost every day,No,,,,,,,,No,,,0.0,,,,,No,No,No,No,No,No,"No, not in union",,,No,,,,,,0.0,,,,,,,,,,,,Yes,Yes,No,Yes,No,No,Yes,Yes,Yes,No,Yes,DK / Not sure / Depends,Yes,Yes,Yes,Less than 12 months ago,Yes,,No,,,,No,,,,,No,,,,,,,,,No,,,,,,,Yes,16.0,0.0,,,,,,,,,,,,,,Urban,Bulawayo,1372,1175.0,15-19,,,,Never married/in union,0.0,0.0,0.0,Secondary,0.937422731863394,2.03658871457469,5,2.58812673711017,5.0,,
42,4,14,1,4,14,1,6,12,4,2014,Completed,7,9,8.0,41.0,9.0,6.0,1.0,1964.0,50.0,Yes,Secondary,22.0,,Almost every day,Almost every day,Almost every day,Yes,No,,Yes,No,,Yes,Yes,Almost every day,Yes,17.0,Yes,1.0,0.0,Yes,4.0,3.0,Yes,2.0,1.0,11.0,No,3.0,2.0,2002.0,No,No,No,No,No,No,"Yes, currently married",No (Only one),,,,More than once,1.0,1984.0,,15.0,No,Days ago,4.0,Yes,Wife,No,,,,,4.0,Yes,Yes,No,No,Yes,Yes,Yes,Yes,No,Yes,Yes,No,No,Yes,Yes,Less than 12 months ago,Yes,,No,,,,Yes,14.0,No,,,Yes,No,,,,,,,,Yes,No,,,,,,Yes,16.0,1.0,3.0,,,,,,,,,,,,,Urban,Bulawayo,1372,769.0,50-54,1009.0,20.0,,Currently married/in union,11.0,8.0,3.0,Secondary,0.937422731863394,1.02389690928764,4,-0.48929215243844,2.0,,
43,4,14,3,4,14,3,10,11,4,2014,Completed,7,9,13.0,33.0,13.0,45.0,3.0,1997.0,17.0,Yes,Secondary,22.0,,Almost every day,Almost every day,Almost every day,Yes,Yes,At least once a week,No,,,Yes,Yes,Almost every day,No,,,,,,,,No,,,0.0,,,,,No,Yes,No,Yes,No,Yes,"No, not in union",,,No,,,,,,14.0,Yes,Months ago,1.0,Yes,Girlfriend,No,,,,,5.0,Yes,Yes,No,Yes,Yes,No,Yes,Yes,Yes,No,Yes,Yes,Yes,Yes,Yes,2 or more years ago,Yes,,No,,,,No,,,,,No,,,,,,,,,No,,,,,,,No,,,,,,,,,,,,,,,,Urban,Bulawayo,1372,1167.0,15-19,,,,Never married/in union,0.0,0.0,0.0,Secondary,0.937422731863394,1.02389690928764,4,-0.48929215243844,2.0,,
44,4,15,1,4,15,1,6,15,4,2014,Completed,7,9,10.0,25.0,10.0,36.0,1.0,1966.0,48.0,Yes,Secondary,24.0,,Almost every day,At least once a week,Almost every day,No,,,No,,,Yes,Yes,Almost every day,Yes,22.0,Yes,1.0,1.0,Yes,0.0,2.0,No,,,4.0,No,2.0,9.0,2010.0,No,No,No,No,No,No,"Yes, currently married",No (Only one),,,,More than once,10.0,1987.0,,22.0,No,Weeks ago,1.0,No,Wife,No,,,,,2.0,Yes,Yes,No,Yes,No,No,Yes,Yes,Yes,No,Yes,Yes,No,No,Yes,2 or more years ago,Yes,,No,,,,No,,,,,No,,,,,,,,,No,,,,,,,No,,,,,,,,,,,,,,,,Urban,Bulawayo,1372,793.0,45-49,1054.0,21.0,,Currently married/in union,4.0,4.0,0.0,Secondary,0.937422731863394,1.69268419888938,5,1.54305236478319,5.0,,
45,4,15,6,4,15,6,6,11,4,2014,Completed,7,9,12.0,42.0,12.0,50.0,7.0,1996.0,17.0,Yes,Secondary,24.0,,Less than once a week,Almost every day,Almost every day,Yes,Yes,At least once a week,Yes,Yes,Almost every day,Yes,Yes,Almost every day,No,,,,,,,,No,,,0.0,,,,,No,No,No,No,No,No,"No, not in union",,,No,,,,,,0.0,,,,,,,,,,,,Yes,Yes,No,Yes,No,No,Yes,Yes,Yes,No,Yes,Yes,No,Yes,No,,,Yes,No,,,,No,,,,,No,,,,,,,,,No,,,,,,,Yes,15.0,0.0,,,,,,,,,,,,,,Urban,Bulawayo,1372,1159.0,15-19,,,,Never married/in union,0.0,0.0,0.0,Secondary,0.937422731863394,1.69268419888938,5,1.54305236478319,5.0,,
46,4,15,7,4,15,7,6,11,4,2014,Completed,7,9,12.0,18.0,12.0,32.0,8.0,1991.0,22.0,Yes,Secondary,24.0,,At least once a week,Almost every day,At least once a week,Yes,Yes,Almost every day,Yes,Yes,Almost every day,Yes,Yes,Almost every day,Yes,17.0,No,,,Yes,1.0,0.0,No,,,1.0,Yes,,9.0,2008.0,No,No,No,No,No,No,"No, not in union",,,No,,,,,,16.0,Yes,Weeks ago,1.0,Yes,Girlfriend,No,,,,,6.0,Yes,Yes,No,Yes,Yes,No,Yes,Yes,Yes,Yes,Yes,No,Yes,Yes,Yes,Less than 12 months ago,Yes,,No,,,,No,,,,,No,,,,,,,,,No,,,,,,,Yes,18.0,1.0,6.0,,,,,,,,,,,,,Urban,Bulawayo,1372,1100.0,20-24,,,,Never married/in union,1.0,1.0,0.0,Secondary,0.937422731863394,1.69268419888938,5,1.54305236478319,5.0,,
47,4,15,8,4,15,8,6,11,4,2014,Completed,7,9,12.0,54.0,13.0,8.0,2.0,1996.0,18.0,Yes,Secondary,22.0,,Not at all,At least once a week,Almost every day,No,,,Yes,No,,Yes,Yes,Almost every day,No,,,,,,,,No,,,0.0,,,,,No,No,Yes,No,No,No,"No, not in union",,,No,,,,,,18.0,Yes,Days ago,4.0,No,Girlfriend,No,,,,,5.0,Yes,Yes,No,No,No,No,No,No,Yes,Yes,No,Yes,Yes,Yes,No,,,No,No,,,,No,,,,,No,,,,,,,,,No,,,,,,,Yes,16.0,0.0,,,,,,,,,,,,,,Urban,Bulawayo,1372,1154.0,15-19,,,,Never married/in union,0.0,0.0,0.0,Secondary,0.937422731863394,1.69268419888938,5,1.54305236478319,5.0,,
48,4,17,3,4,17,3,8,11,4,2014,Completed,7,9,9.0,19.0,9.0,30.0,5.0,1993.0,20.0,Yes,Secondary,24.0,,Almost every day,Less than once a week,Almost every day,Yes,Yes,Almost every day,Yes,Yes,Almost every day,Yes,Yes,Almost every day,No,,,,,,,,No,,,0.0,,,,,No,No,No,No,No,Yes,"No, not in union",,,No,,,,,,0.0,,,,,,,,,,,,Yes,No,Yes,Yes,No,No,No,Yes,Yes,Yes,Yes,Yes,Yes,Yes,Yes,Less than 12 months ago,Yes,,No,,,,No,,,,,No,,,,,,,,,No,,,,,,,No,,,,,,,,,,,,,,,,Urban,Bulawayo,1372,1121.0,20-24,,,,Never married/in union,0.0,0.0,0.0,Secondary,0.937422731863394,1.53785445462134,5,1.07254793570923,5.0,,
49,4,17,4,4,17,4,8,11,4,2014,Completed,7,9,9.0,4.0,9.0,12.0,6.0,1995.0,18.0,Yes,Secondary,25.0,,At least once a week,Not at all,Almost every day,Yes,Yes,Almost every day,Yes,Yes,Almost every day,Yes,Yes,Almost every day,No,,,,,,,,No,,,0.0,,,,,No,No,No,No,No,No,"No, not in union",,,No,,,,,,0.0,,,,,,,,,,,,Yes,Yes,No,Yes,No,No,No,Yes,Yes,Yes,Yes,Yes,Yes,Yes,Yes,2 or more years ago,Yes,,Yes,16.0,Health worker/Professional,Health facility,No,,,,,No,,,,,,,,,No,,,,,,,No,,,,,,,,,,,,,,,,Urban,Bulawayo,1372,1146.0,15-19,,,,Never married/in union,0.0,0.0,0.0,Secondary,0.937422731863394,1.53785445462134,5,1.07254793570923,5.0,,
50,4,17,5,4,17,5,8,11,4,2014,Completed,7,9,11.0,12.0,11.0,20.0,6.0,1995.0,18.0,Yes,Secondary,25.0,,Almost every day,Less than once a week,Almost every day,Yes,Yes,Almost every day,Yes,Yes,Almost every day,Yes,Yes,Almost every day,No,,,,,,,,No,,,0.0,,,,,No,No,No,No,No,No,"No, not in union",,,No,,,,,,0.0,,,,,,,,,,,,Yes,Yes,No,Yes,No,No,Yes,No,No,Yes,No,Yes,Yes,Yes,Yes,2 or more years ago,Yes,,Yes,15.0,Health worker/Professional,Health facility,No,,,,,No,,,,,,,,,No,,,,,,,No,,,,,,,,,,,,,,,,Urban,Bulawayo,1372,1146.0,15-19,,,,Never married/in union,0.0,0.0,0.0,Secondary,0.937422731863394,1.53785445462134,5,1.07254793570923,5.0,,
51,4,20,1,4,20,1,8,13,4,2014,Completed,7,9,10.0,45.0,17.0,0.0,10.0,1968.0,45.0,Yes,Higher,31.0,,Almost every day,Not at all,Almost every day,Yes,Yes,Less than once a week,Yes,Yes,Almost every day,Yes,Yes,Almost every day,Yes,32.0,No,,,Yes,2.0,1.0,No,,,3.0,Yes,,3.0,2009.0,No,No,No,No,No,Yes,"Yes, currently married",No (Only one),,,,Only once,98.0,1997.0,,29.0,No,Months ago,4.0,No,Wife,No,,,,,9.0,Yes,Yes,No,Yes,No,No,Yes,Yes,Yes,Yes,Yes,Yes,Yes,Yes,Yes,2 or more years ago,Yes,,Yes,18.0,Traditional practitioner/family/friend,Ritual site,Yes,17.0,Yes,7.0,30.0,Yes,No,,,,,,,,Yes,No,,,,,,Yes,22.0,30.0,4.0,,,,,,,,,,,,,Urban,Bulawayo,1372,826.0,45-49,1172.0,28.0,,Currently married/in union,3.0,3.0,0.0,Higher,0.937422731863394,0.907257683754017,4,-0.843741308682733,1.0,,
52,4,23,1,4,23,1,9,11,4,2014,Completed,7,9,10.0,3.0,10.0,17.0,11.0,1979.0,34.0,Yes,Higher,30.0,,Almost every day,Less than once a week,Almost every day,Yes,Yes,Almost every day,Yes,Yes,Almost every day,Yes,Yes,Almost every day,Yes,28.0,Yes,0.0,2.0,No,,,No,,,2.0,Yes,,9.0,2009.0,No,No,No,No,No,No,"Yes, currently married",No (Only one),,,,Only once,98.0,2006.0,,95.0,Yes,Days ago,3.0,No,Wife,No,,,,,4.0,Yes,Yes,No,Yes,No,No,Yes,Yes,Yes,Yes,Yes,Yes,Yes,Yes,Yes,12-23 months ago,Yes,,No,,,,Yes,16.0,No,,,No,,,,,,,,,No,,,,,,,Yes,16.0,0.0,,,,,,,,,,,,,,Urban,Bulawayo,1372,959.0,30-34,1283.0,27.0,,Currently married/in union,2.0,2.0,0.0,Higher,0.937422731863394,1.67611941745598,5,1.49271447222964,5.0,,
53,4,24,1,4,24,1,9,14,4,2014,Not at home,7,9,,,,,,,,,,,,,,,,,,,,,,,,,,,,,,,,,,,,,,,,,,,,,,,,,,,,,,,,,,,,,,,,,,,,,,,,,,,,,,,,,,,,,,,,,,,,,,,,,,,,,,,,,,,,,,,,,,,,,,,,,,,,,,Urban,Bulawayo,1372,,,,,,,,,,,0.0,0.0,0,0.0,0.0,0.0,0.0
54,5,1,1,5,1,1,13,13,4,2014,Completed,2,23,11.0,0.0,11.0,15.0,12.0,1971.0,42.0,Yes,Higher,31.0,,Almost every day,Almost every day,Almost every day,Yes,Yes,Almost every day,Yes,Yes,Almost every day,Yes,Yes,Almost every day,Yes,26.0,Yes,2.0,2.0,No,,,No,,,4.0,Yes,,3.0,2013.0,No,No,No,No,No,No,"Yes, currently married",No (Only one),,,,Only once,8.0,1996.0,,20.0,No,Days ago,0.0,No,Wife,No,,,,,4.0,Yes,Yes,No,Yes,No,No,Yes,Yes,Yes,Yes,Yes,Yes,No,Yes,No,,,Yes,No,,,,No,,,,,No,,,,,,,,,No,,,,,,,Yes,0.0,,,,,,,,,,,,,,,Urban,Bulawayo,1372,864.0,40-44,1160.0,24.0,,Currently married/in union,4.0,4.0,0.0,Higher,1.08540671732091,1.50987299556382,5,0.987516467881427,5.0,,
55,5,4,1,5,4,1,5,7,4,2014,Completed,2,23,16.0,55.0,17.0,8.0,4.0,1986.0,27.0,Yes,Secondary,26.0,,At least once a week,Not at all,Almost every day,Yes,Yes,At least once a week,Yes,Yes,Almost every day,Yes,Yes,Almost every day,No,,,,,,,,No,,,0.0,,,,,No,No,No,No,No,Yes,"Yes, currently married",No (Only one),,,,More than once,1.0,2012.0,,15.0,No,Days ago,2.0,No,Wife,No,,,,,30.0,Yes,Yes,No,Yes,No,No,Yes,Yes,Yes,Yes,Yes,Yes,Yes,Yes,Yes,Less than 12 months ago,Yes,,No,,,,Yes,13.0,No,,,No,,,,,,,,,No,,,,,,,Yes,13.0,1.0,1.0,,,,,,,,,,,,,Urban,Bulawayo,1372,1036.0,25-29,1345.0,25.0,,Currently married/in union,0.0,0.0,0.0,Secondary,1.08540671732091,1.46256794447699,5,0.843763494839047,4.0,,
56,5,5,1,5,5,1,5,8,4,2014,Completed,2,23,17.0,0.0,17.0,25.0,6.0,1960.0,53.0,Yes,Higher,31.0,,At least once a week,Not at all,Almost every day,No,,,No,,,Yes,Yes,Almost every day,Yes,30.0,Yes,1.0,3.0,No,,,No,,,4.0,Yes,,10.0,1998.0,No,No,No,No,No,No,"Yes, currently married",No (Only one),,,,Only once,8.0,1989.0,,18.0,No,Weeks ago,2.0,No,Wife,No,,,,,4.0,Yes,Yes,No,Yes,No,No,Yes,DK,Yes,DK,Yes,Yes,No,Yes,No,,,Yes,No,,,,No,,,,,No,,,,,,,,,No,,,,,,,No,,,,,,,,,,,,,,,,Urban,Bulawayo,1372,726.0,50-54,1076.0,29.0,,Currently married/in union,4.0,4.0,0.0,Higher,1.08540671732091,1.43200491365744,5,0.750887016650051,4.0,,
57,5,5,6,5,5,6,13,9,4,2014,Completed,2,23,15.0,10.0,15.0,17.0,10.0,1998.0,15.0,Yes,Secondary,22.0,,Less than once a week,Almost every day,Almost every day,Yes,Yes,At least once a week,Yes,Yes,Almost every day,Yes,Yes,Almost every day,No,,,,,,,,No,,,0.0,,,,,No,No,No,No,No,No,"No, not in union",,,No,,,,,,0.0,,,,,,,,,,,,Yes,Yes,No,Yes,No,No,Yes,Yes,DK,Yes,Yes,No,Yes,Yes,No,,,Yes,No,,,,No,,,,,No,,,,,,,,,No,,,,,,,No,,,,,,,,,,,,,,,,Urban,Bulawayo,1372,1186.0,15-19,,,,Never married/in union,0.0,0.0,0.0,Secondary,1.08540671732091,1.43200491365744,5,0.750887016650051,4.0,,
58,5,7,1,5,7,1,11,7,4,2014,Completed,2,23,11.0,14.0,11.0,38.0,5.0,1961.0,52.0,Yes,Higher,31.0,,At least once a week,Almost every day,Almost every day,Yes,Yes,At least once a week,Yes,Yes,Almost every day,Yes,Yes,Almost every day,Yes,24.0,No,,,Yes,1.0,3.0,No,,,4.0,No,2.0,9.0,2006.0,No,No,No,DK,No,No,"Yes, living with a women",No (Only one),,,,More than once,5.0,1985.0,,15.0,No,Weeks ago,1.0,No,Cohabiting partner,No,,,,,98.0,Yes,Yes,No,Yes,No,No,Yes,Yes,Yes,Yes,Yes,Yes,No,Yes,Yes,12-23 months ago,Yes,,No,,,,Yes,20.0,No,,,No,,,,,,,,,Yes,No,,,,,,Yes,18.0,2.0,1.0,,,,,,,,,,,,,Urban,Bulawayo,1372,737.0,50-54,1025.0,24.0,,Currently married/in union,4.0,4.0,0.0,Higher,1.08540671732091,1.60989739225311,5,1.29147564497785,5.0,,
59,5,8,1,5,8,1,11,12,4,2014,Completed,2,23,10.0,42.0,10.0,55.0,7.0,1968.0,45.0,Yes,Higher,31.0,,Almost every day,Almost every day,Almost every day,Yes,Yes,Almost every day,Yes,Yes,At least once a week,Yes,Yes,Almost every day,Yes,20.0,Yes,2.0,0.0,Yes,1.0,0.0,No,,,3.0,No,2.0,9.0,1995.0,No,No,No,No,No,No,"Yes, currently married",No (Only one),,,,Only once,4.0,1988.0,,19.0,No,Days ago,1.0,No,Wife,No,,,,,4.0,Yes,Yes,No,Yes,No,No,Yes,No,Yes,Yes,Yes,Yes,No,Yes,Yes,2 or more years ago,Yes,,Yes,22.0,Health worker/Professional,Health facility,Yes,0.0,,,,No,,,,,,,,,No,,,,,,,Yes,23.0,5.0,7.0,,,,,,,,,,,,,Urban,Bulawayo,1372,823.0,45-49,1060.0,19.0,,Currently married/in union,3.0,3.0,0.0,Higher,1.08540671732091,2.2124228105217,5,3.12246024851905,5.0,,
60,5,8,3,5,8,3,13,12,4,2014,Completed,2,23,11.0,36.0,11.0,47.0,5.0,1987.0,26.0,Yes,Secondary,24.0,,At least once a week,Not at all,At least once a week,Yes,Yes,Almost every day,Yes,Yes,Almost every day,Yes,Yes,Almost every day,No,,,,,,,,No,,,0.0,,,,,No,No,No,No,No,No,"No, not in union",,,No,,,,,,20.0,Yes,Months ago,5.0,Yes,Girlfriend,No,,,,,5.0,Yes,Yes,No,Yes,No,No,Yes,Yes,Yes,Yes,Yes,Yes,No,Yes,Yes,Less than 12 months ago,Yes,,No,,,,Yes,10.0,No,,,No,,,,,,,,,No,,,,,,,Yes,16.0,0.0,,,,,,,,,,,,,,Urban,Bulawayo,1372,1049.0,25-29,,,,Never married/in union,0.0,0.0,0.0,Secondary,1.08540671732091,2.2124228105217,5,3.12246024851905,5.0,,
61,5,8,4,5,8,4,5,12,4,2014,Completed,2,23,11.0,37.0,11.0,50.0,9.0,1995.0,18.0,Yes,Secondary,25.0,,At least once a week,Not at all,Almost every day,Yes,Yes,Almost every day,Yes,Yes,Almost every day,Yes,Yes,Almost every day,No,,,,,,,,No,,,0.0,,,,,No,No,No,No,No,No,"No, not in union",,,No,,,,,,17.0,Yes,Year ago,1.0,,,,,,,,1.0,Yes,No,No,Yes,No,No,Yes,Yes,Yes,Yes,Yes,Yes,DK / Not sure / Depends,Yes,Yes,Less than 12 months ago,Yes,,No,,,,No,,,,,No,,,,,,,,,No,,,,,,,Yes,13.0,0.0,,,,,,,,,,,,,,Urban,Bulawayo,1372,1149.0,15-19,,,,Never married/in union,0.0,0.0,0.0,Secondary,1.08540671732091,2.2124228105217,5,3.12246024851905,5.0,,
62,5,11,1,5,11,1,13,7,4,2014,Completed,2,23,12.0,14.0,12.0,22.0,4.0,1987.0,26.0,Yes,Higher,31.0,,At least once a week,Not at all,Almost every day,Yes,Yes,At least once a week,Yes,Yes,Almost every day,Yes,Yes,Almost every day,No,,,,,,,,No,,,0.0,,,,,No,No,No,No,No,No,"No, not in union",,,No,,,,,,17.0,Yes,Year ago,9.0,,,,,,,,1.0,Yes,Yes,No,Yes,No,No,Yes,Yes,Yes,Yes,Yes,Yes,No,Yes,Yes,2 or more years ago,Yes,,No,,,,No,,,,,No,,,,,,,,,No,,,,,,,Yes,17.0,0.0,,,,,,,,,,,,,,Urban,Bulawayo,1372,1048.0,25-29,,,,Never married/in union,0.0,0.0,0.0,Higher,1.08540671732091,1.26095298452902,5,0.231085794752799,3.0,,
63,5,11,2,5,11,2,13,12,4,2014,Completed,2,23,18.0,1.0,18.0,16.0,12.0,1986.0,27.0,Yes,Secondary,22.0,,Less than once a week,At least once a week,Almost every day,No,,,No,,,Yes,Yes,Almost every day,No,,,,,,,,No,,,0.0,,,,,No,No,No,No,No,No,"No, not in union",,,No,,,,,,21.0,Yes,Months ago,4.0,Missing,Girlfriend,No,,,,,6.0,Yes,Yes,No,Yes,No,No,Yes,Yes,Yes,Yes,Yes,Yes,Yes,Yes,No,,,Yes,No,,,,No,,,,,No,,,,,,,,,No,,,,,,,No,,,,1.0,Not observed,Permanent,12.0,,,,Yes,2.0,90.0,,,Urban,Bulawayo,1372,1044.0,25-29,,,,Never married/in union,0.0,0.0,0.0,Secondary,1.08540671732091,1.26095298452902,5,0.231085794752799,3.0,,
64,5,13,1,5,13,1,13,16,4,2014,Not at home,2,23,,,,,,,,,,,,,,,,,,,,,,,,,,,,,,,,,,,,,,,,,,,,,,,,,,,,,,,,,,,,,,,,,,,,,,,,,,,,,,,,,,,,,,,,,,,,,,,,,,,,,,,,,,,,,,,,,,,,,,,,,,,,,,Urban,Bulawayo,1372,,,,,,,,,,,0.0,0.0,0,0.0,0.0,0.0,0.0
65,5,14,3,5,14,3,13,12,4,2014,Completed,2,23,9.0,0.0,9.0,7.0,12.0,1996.0,17.0,Yes,Secondary,23.0,,Less than once a week,Less than once a week,Almost every day,Yes,No,,Yes,Yes,At least once a week,Yes,Yes,Almost every day,No,,,,,,,,No,,,0.0,,,,,No,No,No,No,No,No,"No, not in union",,,No,,,,,,0.0,,,,,,,,,,,,Yes,Yes,No,Yes,No,No,Yes,Yes,Yes,Yes,Yes,Yes,No,Yes,Yes,Less than 12 months ago,No,,No,,,,No,,,,,No,,,,,,,,,No,,,,,,,No,,,,,,,,,,,,,,,,Urban,Bulawayo,1372,1164.0,15-19,,,,Never married/in union,0.0,0.0,0.0,Secondary,1.08540671732091,2.15525407676928,5,2.94873301954103,5.0,,
66,5,15,1,5,15,1,13,14,4,2014,Completed,2,23,12.0,29.0,12.0,44.0,10.0,1977.0,36.0,Yes,Higher,0.0,,Almost every day,Less than once a week,Almost every day,Yes,Yes,Almost every day,Yes,Yes,Almost every day,Yes,Yes,Almost every day,Yes,27.0,Yes,2.0,1.0,No,,,No,,,3.0,Yes,,6.0,2012.0,No,No,No,No,No,No,"Yes, currently married",No (Only one),,,,Only once,6.0,2003.0,,20.0,Yes,Days ago,0.0,No,Wife,No,,,,,3.0,Yes,Yes,No,Yes,No,No,Yes,Yes,Yes,Yes,Yes,Yes,Yes,Yes,Yes,Less than 12 months ago,Yes,,No,,,,No,,,,,No,,,,,,,,,No,,,,,,,No,,,,,,,,,,,,,,,,Urban,Bulawayo,1372,934.0,35-39,1242.0,25.0,,Currently married/in union,3.0,3.0,0.0,Higher,1.08540671732091,1.64865180115774,5,1.40924449567236,5.0,,
67,5,16,3,5,16,3,7,12,4,2014,Completed,2,23,8.0,27.0,8.0,39.0,8.0,1992.0,21.0,Yes,Higher,0.0,,Almost every day,Almost every day,Almost every day,Yes,Yes,Almost every day,Yes,Yes,Almost every day,Yes,Yes,Almost every day,No,,,,,,,,No,,,0.0,,,,,No,No,No,No,No,No,"No, not in union",,,No,,,,,,0.0,,,,,,,,,,,,Yes,Yes,No,Yes,No,No,Yes,No,Yes,Yes,Yes,Yes,Yes,Yes,No,,,Yes,No,,,,No,,,,,No,,,,,,,,,No,,,,,,,Yes,19.0,2.0,5.0,,,,,,,,,,,,,Urban,Bulawayo,1372,1112.0,20-24,,,,Never married/in union,0.0,0.0,0.0,Higher,1.08540671732091,2.10418899819561,5,2.79355388549604,5.0,,
68,5,20,1,5,20,1,7,17,4,2014,Completed,2,23,8.0,57.0,9.0,25.0,11.0,1963.0,50.0,Yes,Higher,31.0,,Almost every day,Almost every day,Not at all,Yes,Yes,Almost every day,Yes,Yes,Almost every day,Yes,Yes,Almost every day,Yes,23.0,No,,,Yes,2.0,2.0,No,,,4.0,Yes,,3.0,2000.0,Yes,No,No,No,No,No,"Yes, currently married",No (Only one),,,,More than once,9.0,1987.0,,22.0,No,Weeks ago,1.0,No,Wife,No,,,,,5.0,Yes,DK,No,No,No,No,Yes,Yes,Yes,No,Yes,Yes,Yes,No,Yes,Less than 12 months ago,Yes,,No,,,,No,,,,,No,,,,,,,,,Yes,No,,,,,,No,,,,1.0,Not observed,DK brand / type,5.0,DK / Not sure,No,,Yes,1.0,90.0,,,Urban,Bulawayo,1372,767.0,50-54,1053.0,23.0,,Currently married/in union,4.0,4.0,0.0,Higher,1.08540671732091,1.88581618934401,5,2.12995158969863,5.0,,
69,6,1,3,6,1,3,9,22,4,2014,Completed,1,17,16.0,20.0,16.0,40.0,5.0,1989.0,24.0,Yes,Secondary,24.0,,At least once a week,Not at all,Not at all,Yes,Yes,Almost every day,Yes,Yes,Almost every day,Yes,Yes,Almost every day,Yes,21.0,No,,,Yes,2.0,1.0,No,,,3.0,No,3.0,1.0,2012.0,No,Yes,No,No,No,No,"No, not in union",,,No,,,,,,21.0,Yes,Days ago,1.0,No,Girlfriend,No,,,,,4.0,Yes,Yes,No,Yes,No,No,Yes,No,Yes,Yes,Yes,Yes,No,Yes,Yes,Less than 12 months ago,Yes,,No,,,,Yes,20.0,Yes,2.0,10.0,No,,,,,,,,,No,,,,,,,Yes,17.0,10.0,12.0,,,,,,,,,,,,,Urban,Bulawayo,1372,1073.0,20-24,,,,Never married/in union,3.0,3.0,0.0,Secondary,1.06140963003321,1.52530913790066,5,1.0344245950739,5.0,,
70,6,1,4,6,1,4,9,22,4,2014,Completed,1,17,17.0,20.0,17.0,41.0,7.0,1978.0,35.0,Yes,Primary,17.0,Able to read only parts of sentence,Less than once a week,Almost every day,Almost every day,No,,,No,,,Yes,Yes,Almost every day,No,,,,,,,,No,,,0.0,,,,,No,No,No,No,No,No,"No, not in union",,,"Yes, formerly married",Divorced,Only once,5.0,2013.0,,15.0,No,Months ago,5.0,Yes,Girlfriend,Yes,No,Wife,No,,8.0,Yes,Yes,No,Yes,No,No,Yes,DK,No,Yes,Yes,Yes,No,Yes,No,,,Yes,No,,,,Yes,19.0,Yes,8.0,10.0,No,,,,,,,,,No,,,,,,,Yes,20.0,2.0,6.0,,,,,,,,,,,,,Urban,Bulawayo,1372,943.0,35-39,1361.0,34.0,,Formerly married/in union,0.0,0.0,0.0,Primary,1.06140963003321,1.52530913790066,5,1.0344245950739,5.0,,
71,6,2,3,6,2,3,12,4,4,2014,Completed,1,17,12.0,0.0,12.0,6.0,8.0,1987.0,26.0,Yes,Secondary,24.0,,Almost every day,Almost every day,At least once a week,Yes,Yes,Almost every day,Yes,Yes,Almost every day,Yes,Yes,Almost every day,No,,,,,,,,No,,,0.0,,,,,No,No,No,No,No,No,"No, not in union",,,No,,,,,,0.0,,,,,,,,,,,,Yes,Yes,No,Yes,No,No,Yes,No,DK,Yes,Yes,Yes,No,Yes,No,,,Yes,No,,,,No,,,,,No,,,,,,,,,No,,,,,,,No,,,,,,,,,,,,,,,,Urban,Bulawayo,1372,1052.0,25-29,,,,Never married/in union,0.0,0.0,0.0,Secondary,1.06140963003321,1.51633142559937,5,1.00714267052716,5.0,,
72,6,5,2,6,5,2,12,22,4,2014,Not at home,1,17,,,,,,,,,,,,,,,,,,,,,,,,,,,,,,,,,,,,,,,,,,,,,,,,,,,,,,,,,,,,,,,,,,,,,,,,,,,,,,,,,,,,,,,,,,,,,,,,,,,,,,,,,,,,,,,,,,,,,,,,,,,,,,Urban,Bulawayo,1372,,,,,,,,,,,0.0,0.0,0,0.0,0.0,0.0,0.0
73,6,5,3,6,5,3,12,4,4,2014,Completed,1,17,15.0,41.0,15.0,52.0,9.0,1987.0,26.0,Yes,Secondary,24.0,,Almost every day,Almost every day,Almost every day,Yes,Yes,Almost every day,Yes,Yes,Almost every day,Yes,Yes,Almost every day,Yes,25.0,No,,,Yes,1.0,0.0,No,,,1.0,Yes,,11.0,2013.0,No,No,No,No,No,No,"Yes, currently married",No (Only one),,,,Only once,5.0,2013.0,,23.0,Yes,Weeks ago,2.0,Yes,Wife,No,,,,,5.0,Yes,Yes,No,Yes,No,No,Yes,Yes,Yes,Yes,No,Yes,Yes,Yes,Yes,Less than 12 months ago,Yes,,Yes,24.0,Health worker/Professional,Health facility,No,,,,,No,,,,,,,,,No,,,,,,,Yes,19.0,10.0,6.0,,,,,,,,,,,,,Urban,Bulawayo,1372,1053.0,25-29,1361.0,25.0,,Currently married/in union,1.0,1.0,0.0,Secondary,1.06140963003321,1.78000548133767,5,1.80840867818775,5.0,,
74,6,8,1,6,8,1,6,6,4,2014,Completed,1,17,10.0,7.0,10.0,34.0,7.0,1989.0,24.0,Yes,Higher,30.0,,Not at all,Not at all,Not at all,Yes,Yes,Almost every day,Yes,Yes,Almost every day,Yes,Yes,Almost every day,No,,,,,,,,No,,,0.0,,,,,No,No,No,No,No,No,"No, not in union",,,No,,,,,,18.0,Yes,Days ago,2.0,Yes,Girlfriend,Yes,Yes,Girlfrend,Yes,4.0,9.0,Yes,Yes,No,Yes,No,No,Yes,No,Yes,Yes,Yes,Yes,Yes,Yes,Yes,Less than 12 months ago,Yes,,No,,,,Yes,16.0,No,,,No,,,,,,,,,No,,,,,,,Yes,21.0,2.0,1.0,,,,,,,,,,,,,Urban,Bulawayo,1372,1075.0,20-24,,,,Never married/in union,0.0,0.0,0.0,Higher,1.06140963003321,1.03242122786188,4,-0.463388023596945,2.0,,
75,6,11,3,6,11,3,6,5,4,2014,Completed,1,17,14.0,13.0,14.0,25.0,6.0,1983.0,30.0,Yes,Higher,30.0,,Less than once a week,Not at all,Almost every day,Yes,Yes,At least once a week,Yes,Yes,Almost every day,Yes,Yes,Almost every day,No,,,,,,,,No,,,0.0,,,,,No,No,No,No,No,No,"No, not in union",,,No,,,,,,22.0,Yes,Weeks ago,2.0,Yes,Girlfriend,No,,,,,4.0,Yes,Yes,No,Yes,No,No,Yes,Yes,DK,DK,Yes,Yes,DK / Not sure / Depends,Yes,Yes,Less than 12 months ago,Yes,,No,,,,No,,,,,No,,,,,,,,,No,,,,,,,Yes,21.0,0.0,,,,,,,,,,,,,,Urban,Bulawayo,1372,1002.0,30-34,,,,Never married/in union,0.0,0.0,0.0,Higher,1.06140963003321,1.88946611686386,5,2.14104317337338,5.0,,
76,6,11,4,6,11,4,8,5,4,2014,Completed,1,17,14.0,9.0,14.0,20.0,3.0,1990.0,24.0,Yes,Higher,31.0,,Almost every day,Less than once a week,At least once a week,Yes,Yes,Almost every day,Yes,Yes,Almost every day,Yes,Yes,Almost every day,No,,,,,,,,No,,,0.0,,,,,No,No,No,No,No,No,"No, not in union",,,No,,,,,,17.0,Yes,Year ago,1.0,,,,,,,,4.0,Yes,Yes,No,Yes,Yes,No,Yes,No,Yes,No,Yes,Yes,Yes,Yes,Yes,Less than 12 months ago,Yes,,No,,,,Yes,0.0,,,,No,,,,,,,,,No,,,,,,,Yes,19.0,2.0,6.0,,,,,,,,,,,,,Urban,Bulawayo,1372,1083.0,20-24,,,,Never married/in union,0.0,0.0,0.0,Higher,1.06140963003321,1.88946611686386,5,2.14104317337338,5.0,,
77,6,11,7,6,11,7,10,4,4,2014,Completed,1,17,11.0,38.0,12.0,0.0,8.0,1986.0,27.0,Yes,Primary,17.0,Able to read whole sentence,Less than once a week,Almost every day,At least once a week,No,,,No,,,Yes,Yes,Almost every day,Yes,22.0,No,,,Yes,1.0,1.0,No,,,2.0,Yes,,7.0,2013.0,No,Yes,No,No,No,No,"Yes, currently married",No (Only one),,,,Only once,10.0,2007.0,,18.0,No,Months ago,1.0,No,Wife,Yes,Yes,Girlfrend,No,,8.0,Yes,Yes,No,Yes,DK,No,Yes,Yes,Yes,DK,No,Yes,No,Yes,Yes,2 or more years ago,Yes,,No,,,,Yes,19.0,No,,,Yes,No,,,,,,,,No,,,,,,,Yes,19.0,2.0,6.0,,,,,,,,,,,,,Urban,Bulawayo,1372,1040.0,25-29,1294.0,21.0,,Currently married/in union,2.0,2.0,0.0,Primary,1.06140963003321,1.88946611686386,5,2.14104317337338,5.0,,
78,6,14,1,6,14,1,10,23,4,2014,Not at home,1,17,,,,,,,,,,,,,,,,,,,,,,,,,,,,,,,,,,,,,,,,,,,,,,,,,,,,,,,,,,,,,,,,,,,,,,,,,,,,,,,,,,,,,,,,,,,,,,,,,,,,,,,,,,,,,,,,,,,,,,,,,,,,,,Urban,Bulawayo,1372,,,,,,,,,,,0.0,0.0,0,0.0,0.0,0.0,0.0
79,6,16,3,6,16,3,8,6,4,2014,Completed,1,17,16.0,34.0,16.0,46.0,7.0,1995.0,18.0,Yes,Secondary,24.0,,At least once a week,At least once a week,Almost every day,Yes,Yes,Almost every day,Yes,Yes,Almost every day,Yes,Yes,Almost every day,No,,,,,,,,No,,,0.0,,,,,No,No,No,No,No,No,"No, not in union",,,No,,,,,,17.0,Yes,Year ago,1.0,,,,,,,,1.0,Yes,Yes,No,Yes,No,No,Yes,Yes,Yes,No,Yes,Yes,No,Yes,Yes,Less than 12 months ago,Yes,,Yes,17.0,Health worker/Professional,Health facility,Yes,0.0,,,,Yes,Yes,Cigars,,,,,,1.0,No,,,,,,,Yes,18.0,1.0,1.0,,,,,,,,,,,,,Urban,Bulawayo,1372,1147.0,15-19,,,,Never married/in union,0.0,0.0,0.0,Secondary,1.06140963003321,1.70621805930561,5,1.58417974181534,5.0,,
80,6,16,6,6,16,6,8,4,4,2014,Completed,1,17,11.0,40.0,11.0,52.0,9.0,1995.0,18.0,Yes,Primary,17.0,Able to read only parts of sentence,Not at all,Less than once a week,Less than once a week,No,,,No,,,Yes,Yes,Almost every day,DK,,,,,,,,No,,,0.0,,,,,No,No,No,No,No,No,"No, not in union",,,No,,,,,,0.0,,,,,,,,,,,,Yes,Yes,No,Yes,Yes,No,Yes,DK,DK,DK,Yes,Yes,Yes,Yes,No,,,No,No,,,,No,,,,,No,,,,,,,,,No,,,,,,,Yes,17.0,3.0,2.0,,,,,,,,,,,,,Urban,Bulawayo,1372,1149.0,15-19,,,,Never married/in union,0.0,0.0,0.0,Primary,1.06140963003321,1.70621805930561,5,1.58417974181534,5.0,,
81,6,17,3,6,17,3,8,6,4,2014,Completed,1,17,15.0,20.0,15.0,35.0,10.0,1990.0,23.0,Yes,Secondary,24.0,,At least once a week,At least once a week,Almost every day,No,,,Yes,Yes,Almost every day,Yes,Yes,Almost every day,No,,,,,,,,No,,,0.0,,,,,No,No,No,No,No,No,"No, not in union",,,No,,,,,,21.0,Yes,Year ago,2.0,,,,,,,,2.0,Yes,Yes,Yes,Yes,No,No,Yes,Yes,Yes,Yes,Yes,Yes,Yes,Yes,No,,,Yes,No,,,,No,,,,,No,,,,,,,,,Missing,,,,,,,Yes,20.0,2.0,5.0,,,,,,,,,,,,,Urban,Bulawayo,1372,1090.0,20-24,,,,Never married/in union,0.0,0.0,0.0,Secondary,1.06140963003321,1.55073067198905,5,1.11167683390555,5.0,,
82,6,20,2,6,20,2,8,23,4,2014,Completed,1,17,7.0,28.0,7.0,42.0,2.0,1984.0,30.0,Yes,Higher,31.0,,Almost every day,Almost every day,Almost every day,Yes,Yes,Almost every day,Yes,Yes,Almost every day,Yes,Yes,Almost every day,Yes,28.0,Yes,2.0,0.0,No,,,No,,,2.0,Yes,,12.0,2013.0,No,No,No,No,No,No,"Yes, currently married",No (Only one),,,,Only once,1.0,2013.0,,23.0,Yes,Days ago,1.0,No,Wife,No,,,,,11.0,Yes,Yes,No,Yes,No,No,Yes,Yes,Yes,Yes,Yes,Yes,Yes,Yes,Yes,Less than 12 months ago,Yes,,No,,,,Yes,14.0,No,,,No,,,,,,,,,No,,,,,,,Yes,13.0,10.0,6.0,,,,,,,,,,,,,Urban,Bulawayo,1372,1010.0,30-34,1357.0,28.0,,Currently married/in union,2.0,2.0,0.0,Higher,1.06140963003321,1.60742218317393,5,1.2839538548971,5.0,,
83,7,3,1,7,3,1,5,7,5,2014,Completed,2,34,12.0,23.0,12.0,35.0,1.0,1960.0,54.0,Yes,Higher,31.0,,Almost every day,Not at all,Almost every day,Yes,Yes,Almost every day,Yes,Yes,At least once a week,Yes,Yes,Almost every day,Yes,30.0,Yes,0.0,1.0,No,,,No,,,1.0,Yes,,5.0,2008.0,No,No,No,No,No,No,"Yes, currently married",No (Only one),,,,Only once,6.0,1989.0,,20.0,No,Weeks ago,1.0,No,Wife,No,,,,,2.0,Yes,Yes,No,No,No,No,Yes,Yes,Yes,Yes,DK / Not sure / Depends,Yes,No,Yes,Yes,2 or more years ago,Yes,,No,,,,No,,,,,No,,,,,,,,,No,,,,,,,No,,,,,,,,,,,,,,,,Urban,Bulawayo,1373,721.0,50-54,1074.0,29.0,,Currently married/in union,1.0,1.0,0.0,Higher,0.989302997558124,2.2399624630969,5,3.20614913254485,5.0,,
84,7,3,3,7,3,3,5,7,5,2014,Completed,2,34,10.0,27.0,10.0,35.0,8.0,1990.0,23.0,Yes,Higher,30.0,,At least once a week,Less than once a week,Almost every day,Yes,Yes,Almost every day,Yes,Yes,Almost every day,Yes,Yes,Almost every day,DK,,,,,,,,No,,,0.0,,,,,No,No,No,No,No,Yes,"No, not in union",,,No,,,,,,20.0,Yes,Months ago,3.0,Yes,Girlfriend,No,,,,,1.0,Yes,Yes,No,Yes,No,No,Yes,Yes,No,No,Yes,Yes,Yes,Yes,Yes,Less than 12 months ago,Yes,,No,,,,No,,,,,No,,,,,,,,,No,,,,,,,Yes,20.0,4.0,3.0,,,,,,,,,,,,,Urban,Bulawayo,1373,1088.0,20-24,,,,Never married/in union,0.0,0.0,0.0,Higher,0.989302997558124,2.2399624630969,5,3.20614913254485,5.0,,
85,7,3,4,7,3,4,5,7,5,2014,Completed,2,34,12.0,15.0,12.0,20.0,6.0,1994.0,19.0,Yes,Secondary,25.0,,At least once a week,Not at all,Almost every day,Yes,Yes,At least once a week,Yes,Yes,Almost every day,Yes,Yes,Almost every day,No,,,,,,,,No,,,0.0,,,,,No,No,No,No,No,Yes,"No, not in union",,,No,,,,,,17.0,Yes,Months ago,3.0,Yes,Girlfriend,No,,,,,3.0,Yes,Yes,No,Yes,No,No,Yes,Yes,Yes,Yes,Yes,DK / Not sure / Depends,Yes,Yes,No,,,Yes,No,,,,No,,,,,No,,,,,,,,,No,,,,,,,Yes,17.0,0.0,,,,,,,,,,,,,,Urban,Bulawayo,1373,1134.0,15-19,,,,Never married/in union,0.0,0.0,0.0,Secondary,0.989302997558124,2.2399624630969,5,3.20614913254485,5.0,,
86,7,5,2,7,5,2,5,4,4,2014,Completed,2,34,9.0,14.0,9.0,20.0,12.0,1986.0,27.0,Yes,Higher,31.0,,At least once a week,Almost every day,Almost every day,Yes,Yes,Almost every day,Yes,Yes,Almost every day,Yes,Yes,Almost every day,No,,,,,,,,No,,,0.0,,,,,No,No,No,No,No,No,"No, not in union",,,No,,,,,,0.0,,,,,,,,,,,,Yes,Yes,No,Yes,No,No,Yes,Yes,Yes,Yes,Yes,Yes,Yes,Yes,No,,,Yes,No,,,,No,,,,,No,,,,,,,,,No,,,,,,,Yes,17.0,0.0,,,,,,,,,,,,,,Urban,Bulawayo,1372,1044.0,25-29,,,,Never married/in union,0.0,0.0,0.0,Higher,0.989302997558124,1.68535042721196,5,1.52076612984587,5.0,,
87,7,5,4,7,5,4,5,13,4,2014,Completed,2,34,9.0,30.0,9.0,43.0,9.0,1996.0,17.0,Yes,Secondary,25.0,,Less than once a week,Not at all,At least once a week,Yes,Yes,Almost every day,Yes,Yes,Almost every day,Yes,Yes,Almost every day,No,,,,,,,,No,,,0.0,,,,,No,No,No,No,No,No,"No, not in union",,,No,,,,,,0.0,,,,,,,,,,,,Yes,Yes,No,Yes,No,No,Yes,DK,Yes,DK,Yes,Yes,No,Yes,No,,,Yes,No,,,,No,,,,,No,,,,,,,,,No,,,,,,,No,,,,,,,,,,,,,,,,Urban,Bulawayo,1372,1161.0,15-19,,,,Never married/in union,0.0,0.0,0.0,Secondary,0.989302997558124,1.68535042721196,5,1.52076612984587,5.0,,
88,7,6,3,7,6,3,11,6,4,2014,Completed,2,34,18.0,22.0,18.0,30.0,7.0,1997.0,16.0,Yes,Secondary,23.0,,Less than once a week,Not at all,Less than once a week,Yes,Yes,Almost every day,Yes,Yes,Less than once a week,Yes,Yes,At least once a week,No,,,,,,,,No,,,0.0,,,,,No,No,No,No,No,Yes,"No, not in union",,,No,,,,,,0.0,,,,,,,,,,,,Yes,Yes,No,Yes,No,No,Yes,Yes,Yes,Yes,Yes,Yes,No,Yes,Yes,Less than 12 months ago,No,,No,,,,No,,,,,No,,,,,,,,,No,,,,,,,No,,,,,,,,,,,,,,,,Urban,Bulawayo,1372,1171.0,15-19,,,,Never married/in union,0.0,0.0,0.0,Secondary,0.989302997558124,2.25726420377335,5,3.25872653398307,5.0,,
89,7,9,1,7,9,1,11,4,4,2014,Completed,2,34,10.0,12.0,10.0,26.0,4.0,1961.0,53.0,Yes,Primary,17.0,Able to read whole sentence,Less than once a week,Almost every day,Not at all,No,,,No,,,Yes,Yes,Almost every day,Yes,25.0,No,,,Yes,2.0,1.0,No,,,3.0,No,2.0,12.0,1993.0,No,No,No,No,No,No,"Yes, living with a women",No (Only one),,,,More than once,98.0,1981.0,,17.0,No,Months ago,1.0,No,Cohabiting partner,No,,,,,6.0,Yes,Yes,No,Yes,No,No,Yes,Yes,Yes,Yes,Yes,Yes,No,Yes,Yes,Less than 12 months ago,Yes,,No,,,,No,,,,,No,,,,,,,,,No,,,,,,,Yes,23.0,1.0,2.0,,,,,,,,,,,,,Urban,Bulawayo,1372,736.0,50-54,979.0,20.0,,Currently married/in union,3.0,3.0,0.0,Primary,0.989302997558124,1.2338979786563,5,0.148869679548867,3.0,,
90,7,12,1,7,12,1,13,9,4,2014,Completed,2,34,16.0,31.0,16.0,45.0,10.0,1975.0,38.0,Yes,Higher,31.0,,Almost every day,Almost every day,Almost every day,Yes,Yes,Almost every day,Yes,Yes,Almost every day,Yes,Yes,Almost every day,Yes,30.0,Yes,0.0,3.0,No,,,No,,,3.0,Yes,,9.0,2013.0,No,No,No,No,No,No,"Yes, currently married",No (Only one),,,,Only once,10.0,2001.0,,21.0,No,Days ago,0.0,No,Wife,No,,,,,6.0,Yes,Yes,No,Yes,No,No,Yes,Yes,Yes,Yes,Yes,Yes,Yes,Yes,No,,,Yes,Yes,2.0,Traditional practitioner/family/friend,Ritual site,No,,,,,No,,,,,,,,,No,,,,,,,Yes,0.0,,,,,,,,,,,,,,,Urban,Bulawayo,1372,910.0,35-39,1222.0,26.0,,Currently married/in union,3.0,3.0,0.0,Higher,0.989302997558124,1.47116021002256,5,0.869874104361028,4.0,,
91,7,14,1,7,14,1,13,4,4,2014,Completed,2,34,16.0,30.0,16.0,40.0,5.0,1992.0,21.0,Yes,Higher,30.0,,At least once a week,Almost every day,Almost every day,Yes,Yes,At least once a week,Yes,Yes,Almost every day,Yes,Yes,Almost every day,No,,,,,,,,No,,,0.0,,,,,No,No,No,No,No,No,"No, not in union",,,No,,,,,,15.0,Yes,Months ago,2.0,Yes,Casual acquaintance,No,,,,,3.0,Yes,Yes,No,Yes,No,No,Yes,Yes,Yes,DK,Yes,Yes,No,Yes,No,,,Yes,Yes,5.0,Traditional practitioner/family/friend,Health facility,Yes,13.0,No,,,No,,,,,,,,,No,,,,,,,Yes,13.0,1.0,3.0,,,,,,,,,,,,,Urban,Bulawayo,1372,1109.0,20-24,,,,Never married/in union,0.0,0.0,0.0,Higher,0.989302997558124,1.31292775025814,5,0.389029331966791,4.0,,
92,7,14,2,7,14,2,7,4,4,2014,Completed,2,34,16.0,32.0,16.0,40.0,12.0,1994.0,19.0,Yes,Higher,30.0,,At least once a week,At least once a week,Almost every day,Yes,Yes,Almost every day,Yes,Yes,Almost every day,Yes,Yes,Almost every day,No,,,,,,,,No,,,0.0,,,,,No,No,No,No,No,No,"No, not in union",,,No,,,,,,16.0,Yes,Weeks ago,3.0,Yes,Girlfriend,Yes,Yes,Casual acquaintance,No,,4.0,Yes,Yes,No,Yes,No,No,Yes,Yes,Yes,Yes,Yes,Yes,Yes,Yes,Yes,12-23 months ago,Yes,,Yes,16.0,Health worker/Professional,Health facility,No,,,,,No,,,,,,,,,No,,,,,,,Yes,17.0,1.0,3.0,,,,,,,,,,,,,Urban,Bulawayo,1372,1140.0,15-19,,,,Never married/in union,0.0,0.0,0.0,Higher,0.989302997558124,1.31292775025814,5,0.389029331966791,4.0,,
93,7,15,1,7,15,1,13,4,4,2014,Completed,2,34,9.0,54.0,10.0,6.0,12.0,1971.0,42.0,Yes,Higher,30.0,,Almost every day,Not at all,Almost every day,Yes,Yes,Almost every day,Yes,Yes,Almost every day,Yes,Yes,Almost every day,Yes,25.0,Yes,2.0,0.0,No,,,No,,,2.0,Yes,,5.0,2003.0,No,No,No,No,No,No,"Yes, currently married",No (Only one),,,,Only once,98.0,1996.0,,18.0,No,Days ago,2.0,No,Wife,No,,,,,6.0,Yes,Yes,No,Yes,No,No,Yes,Yes,Yes,Yes,Yes,No,No,Yes,Yes,2 or more years ago,Yes,,No,,,,No,,,,,No,,,,,,,,,No,,,,,,,No,,,,,,,,,,,,,,,,Urban,Bulawayo,1372,864.0,40-44,1157.0,24.0,,Currently married/in union,2.0,2.0,0.0,Higher,0.989302997558124,1.9810194479042,5,2.41926004930119,5.0,,
94,7,15,3,7,15,3,13,4,4,2014,Completed,2,34,15.0,25.0,15.0,32.0,8.0,1997.0,16.0,Yes,Secondary,23.0,,Almost every day,Almost every day,Almost every day,Yes,Yes,Almost every day,Yes,Yes,Almost every day,Yes,Yes,Almost every day,No,,,,,,,,No,,,0.0,,,,,No,No,No,No,No,No,"No, not in union",,,No,,,,,,0.0,,,,,,,,,,,,Yes,Yes,No,Yes,No,No,Yes,Yes,Yes,DK,Yes,Yes,No,Yes,No,,,Yes,No,,,,No,,,,,No,,,,,,,,,No,,,,,,,Yes,0.0,,,,,,,,,,,,,,,Urban,Bulawayo,1372,1172.0,15-19,,,,Never married/in union,0.0,0.0,0.0,Secondary,0.989302997558124,1.9810194479042,5,2.41926004930119,5.0,,
95,7,17,2,7,17,2,13,6,4,2014,Completed,2,34,18.0,6.0,18.0,15.0,12.0,1985.0,28.0,Yes,Higher,31.0,,Almost every day,Less than once a week,Almost every day,Yes,Yes,Almost every day,Yes,Yes,Almost every day,Yes,Yes,Almost every day,No,,,,,,,,No,,,0.0,,,,,No,No,No,Yes,No,Yes,"Yes, currently married",No (Only one),,,,Only once,10.0,2013.0,,17.0,Yes,Days ago,3.0,No,Wife,No,,,,,5.0,Yes,Yes,No,Yes,No,No,Yes,No,Yes,Yes,Yes,Yes,No,Yes,Yes,Less than 12 months ago,Yes,,No,,,,Yes,19.0,No,,,No,,,,,,,,,No,,,,,,,Yes,18.0,2.0,6.0,,,,,,,,,,,,,Urban,Bulawayo,1372,1032.0,25-29,1366.0,27.0,,Currently married/in union,0.0,0.0,0.0,Higher,0.989302997558124,1.72278504292503,5,1.63452432648274,5.0,,
96,7,18,1,7,18,1,7,4,4,2014,Completed,2,34,17.0,0.0,17.0,23.0,1.0,1990.0,24.0,Yes,Secondary,24.0,,Less than once a week,Less than once a week,Less than once a week,No,,,No,,,Yes,Yes,Almost every day,Yes,23.0,Yes,0.0,1.0,No,,,No,,,1.0,Yes,,12.0,2012.0,No,No,No,No,No,Yes,"Yes, currently married",No (Only one),,,,Only once,12.0,2013.0,,20.0,Yes,Days ago,2.0,No,Wife,No,,,,,2.0,Yes,Yes,No,Yes,Yes,No,Yes,Yes,Yes,Yes,Yes,Yes,No,Yes,No,,,Yes,No,,,,No,,,,,No,,,,,,,,,No,,,,,,,Yes,0.0,,,,,,,,,,,,,,,Urban,Bulawayo,1372,1081.0,20-24,1368.0,23.0,,Currently married/in union,1.0,1.0,0.0,Secondary,0.989302997558124,0.671458146800792,4,-1.56030082400436,1.0,,
97,7,20,2,7,20,2,7,6,4,2014,Completed,2,34,17.0,15.0,17.0,40.0,11.0,1985.0,28.0,Yes,Higher,31.0,,Almost every day,Not at all,At least once a week,Yes,Yes,Almost every day,Yes,Yes,Almost every day,Yes,Yes,Almost every day,No,,,,,,,,No,,,0.0,,,,,No,No,No,No,No,No,"No, not in union",,,No,,,,,,11.0,No,Days ago,0.0,No,Girlfriend,Yes,No,Casual acquaintance,Yes,20.0,95.0,Yes,Yes,No,Yes,No,No,Yes,Yes,Yes,Yes,Yes,Yes,No,Yes,Yes,Less than 12 months ago,Yes,,Yes,24.0,Health worker/Professional,Health facility,Yes,17.0,No,,,Yes,Yes,Cigars,,,,,Other,10.0,No,,,,,,,Yes,10.0,30.0,7.0,,,,,,,,,,,,,Urban,Bulawayo,1372,1031.0,25-29,,,,Never married/in union,0.0,0.0,0.0,Higher,0.989302997558124,1.63989719360733,5,1.38264055308531,5.0,,
98,7,20,3,7,20,3,7,6,4,2014,Completed,2,34,17.0,2.0,17.0,13.0,8.0,1998.0,15.0,Yes,Secondary,23.0,,Less than once a week,Less than once a week,Almost every day,Yes,Yes,At least once a week,Yes,Yes,Almost every day,Yes,Yes,Almost every day,No,,,,,,,,No,,,0.0,,,,,No,No,No,No,No,No,"No, not in union",,,No,,,,,,0.0,,,,,,,,,,,,Yes,Yes,No,Yes,No,No,Yes,Yes,Yes,Yes,Yes,Yes,Yes,Yes,No,,,Yes,No,,,,Yes,10.0,No,,,Yes,No,,,,,,,,No,,,,,,,Yes,12.0,0.0,,,,,,,,,,,,,,Urban,Bulawayo,1372,1184.0,15-19,,,,Never married/in union,0.0,0.0,0.0,Secondary,0.989302997558124,1.63989719360733,5,1.38264055308531,5.0,,
99,7,23,1,7,23,1,14,6,4,2014,Completed,2,34,18.0,2.0,18.0,11.0,11.0,1967.0,46.0,Yes,Higher,31.0,,Almost every day,Not at all,Almost every day,Yes,Yes,Almost every day,Yes,Yes,Almost every day,Yes,Yes,Almost every day,Yes,33.0,Yes,0.0,3.0,No,,,No,,,3.0,Yes,,11.0,2003.0,No,No,No,No,No,No,"Yes, currently married",No (Only one),,,,Only once,8.0,1999.0,,95.0,No,Special,99.0,Missing,Missing,No,,,,,1.0,Yes,Yes,No,Yes,DK,No,Yes,Yes,Yes,Yes,Yes,No,Yes,Yes,Yes,Less than 12 months ago,Yes,,No,,,,No,,,,,No,,,,,,,,,No,,,,,,,No,,,,,,,,,,,,,,,,Urban,Bulawayo,1372,815.0,45-49,1196.0,31.0,,Currently married/in union,3.0,3.0,0.0,Higher,0.989302997558124,1.94125631494431,5,2.29842583711587,5.0,,
